[{"id":1,"ten":"C language"},{"id":2,"ten":"C#"},{"id":3,"ten":"C++"},{"id":4,"ten":"Database"},{"id":5,"ten":".NET"},{"id":6,"ten":"Blockchain"},{"id":7,"ten":"PHP"},{"id":8,"ten":"Python"},{"id":9,"ten":"Ruby"},{"id":10,"ten":"Swift"},{"id":11,"ten":"Angular"},{"id":12,"ten":"Java"},{"id":13,"ten":"Kotlin"},{"id":14,"ten":"iOS"},{"id":15,"ten":"React Native"},{"id":16,"ten":"ReactJS"},{"id":17,"ten":"AngularJS"},{"id":18,"ten":"NodeJS"},{"id":19,"ten":"VueJS"},{"id":20,"ten":"Android"},{"id":21,"ten":"JSON"},{"id":22,"ten":"J2EE"},{"id":23,"ten":"ASP.NET"},{"id":24,"ten":"Tester"},{"id":25,"ten":"Embedded"},{"id":26,"ten":"Designer"},{"id":27,"ten":"Golang"},{"id":28,"ten":"Javascript"},{"id":29,"ten":"Scala"},{"id":30,"ten":"Django"},{"id":31,"ten":"Hybrid"},{"id":32,"ten":"Magento"},{"id":33,"ten":"Objective C"},{"id":34,"ten":"Laravel"},{"id":35,"ten":"Xamarin"},{"id":36,"ten":"UI-UX"},{"id":37,"ten":"Oracle"},{"id":38,"ten":"OOP"},{"id":39,"ten":"Spring"}]